<?xml version="1.0" encoding="UTF-8"?>
<beans xmlns="http://www.springframework.org/schema/beans"
	xmlns:context="http://www.springframework.org/schema/context"
    xmlns:xsi="http://www.w3.org/2001/XMLSchema-instance"
	xsi:schemaLocation="http://www.springframework.org/schema/beans http://www.springframework.org/schema/beans/spring-beans-3.0.xsd
		http://www.springframework.org/schema/context http://www.springframework.org/schema/context/spring-context-3.0.xsd">
	
	<context:component-scan base-package="com.bulogu.biz"/>
	
	<!-- 연결 정보 관리 클래스 로드 -->
	<bean id="dataSource" class="org.springframework.jdbc.datasource.SimpleDriverDataSource">
		<property name="driverClass" value="oracle.jdbc.driver.OracleDriver"/>
		<property name="url" value="jdbc:oracle:thin:@localhost:1521:xe"/>
		<property name="username" value="bulogu"/>
		<property name="password" value="bulogu"/>
	</bean>
	
	<!-- 
		트랜잭션 관리
		property 값으로 위에서 정의한 연결관리 bean의 id 등록
	 -->
	<bean id="transactionManager" class="org.springframework.jdbc.datasource.DataSourceTransactionManager">
		<property name="dataSource" ref="dataSource"/>
	</bean>
	
	<!-- SqlSessionFactory : 소스 코드로 적었던 실질적인 WqlSession을 생성하는 클래스
		첫 번 째 property => 어떤 DB 연결에 대한 값
		두 번 째 property => sql-map-config.xml 파일 지정
		
		두 번 째 지정으로 sql-map-config.xml 파일에서의 연결 정보값은 모두 삭제해도 된다. -->
	<bean id="sqlSessionFactory" class="org.mybatis.spring.SqlSessionFactoryBean">
		<property name="dataSource" ref="dataSource"/>
		<property name="configLocation" value="classpath:sql-map-config.xml"/>
	</bean>
	
	<!-- 실질적으로 사용될 SqlSession을 받아온다 -->
	<bean id="sqlSession" class="org.mybatis.spring.SqlSessionTemplate">
		<constructor-arg ref="sqlSessionFactory"/>
	</bean>
	<bean class="org.springframework.web.servlet.mvc.annotation.AnnotationMethodHandlerAdapter">
		<property name="messageConverters">
			<list>
				<ref bean="jsonConverter" />
				<!-- <ref bean="marshallingConverter" /> <ref bean="atomConverter" /> -->
			</list>
		</property>
	</bean>

	<bean id="jsonConverter"
		class="org.springframework.http.converter.json.MappingJacksonHttpMessageConverter">
		<property name="supportedMediaTypes" value="application/json" />
	</bean>
</beans>