<?xml version="1.0" encoding="UTF-8" ?>
<!DOCTYPE mapper
  PUBLIC "-//mybatis.org//DTD Mapper 3.0//EN"
  "http://mybatis.org/dtd/mybatis-3-mapper.dtd">
  
<mapper namespace="com.bulogu.biz.board">
	<insert id="addBoard" parameterType="board">
		insert into b_board 
		values((select nvl(max(b_no), 0)+1 from b_board), #{b_writer}, #{b_receiver}, #{b_title}, #{b_content}, #{b_picture}, sysdate)
	</insert>
	
	<update id="updateBoard" parameterType="board">
		update b_board set b_title=#{b_title}, b_content=#{b_content}, b_picture=#{b_picture} where b_no=#{b_no}
	</update>
	
	<select id="getBoardWithPageNo" parameterType="map" resultType="board">
		select *
		from 
		(
			select rownum rowno, b_no, b_writer, b_receiver, b_title, b_content, b_picture, b_date
					from (
					select b_no, b_writer, b_receiver, b_title, b_content, b_picture, to_char(b_date, 'yyyy-mm-dd') b_date
					from b_board
					where b_receiver = #{b_receiver}
					order by b_no desc
					)
			)
		where rowno = #{pageNo}
	</select> 
	
	<select id="getBoard" parameterType="int" resultType="board">
		select * from b_board where b_no=#{b_no}
	</select>
	
	<delete id="deleteBoard">
		delete from b_board where b_no=#{b_no}
	</delete>
	
	<select id="getBoardCount" parameterType="String" resultType="int">
		select count(*) from b_board where b_receiver = #{userId}
	</select>
	
	<delete id="deleteBoardWithUserId" parameterType="user">
		delete from b_board where b_writer=#{userid} or b_receiver=#{userid}
	</delete>
</mapper>