<?xml version="1.0" encoding="UTF-8" ?>
<!DOCTYPE mapper
  PUBLIC "-//mybatis.org//DTD Mapper 3.0//EN"
  "http://mybatis.org/dtd/mybatis-3-mapper.dtd">
  
<mapper namespace="com.bulogu.biz.comment">
	
	<insert id="addComment" parameterType="comment">
		insert into b_comment
		values((select nvl(max(c_no),0)+1 from b_comment), #{b_no}, #{c_writer}, #{c_content}, sysdate)
	</insert>
	
	<select id="getCommentList" resultType="comment" parameterType="int">
		select c_no, b_no, c_writer, c_content, to_char(c_date, 'yyyy-mm-dd') c_date
		from b_comment
		where b_no=#{b_no}
		order by c_no
	</select>
	<delete id="deleteComment" parameterType="int">
		delete from b_comment where c_no=#{c_no}
	</delete>
	<update id="updateComment" parameterType="comment">
		update b_comment 
		set c_content = #{c_content}
		where c_no = #{c_no}
	</update>
	
	<delete id="deleteCommentWithBoardNo" parameterType="int">
		delete from b_comment where b_no = #{b_no}
	</delete>
	
	<delete id="deleteCommentWithUserId" parameterType="user">
		delete from b_comment where c_writer=#{userid}
	</delete>
	
	<delete id="deleteBoardCommentWithUserId" parameterType="user">
		delete from b_comment where b_no in 
		(select b_no from b_board where b_receiver = #{userid} or b_writer=#{userid})
	</delete>
</mapper>