<?xml version="1.0" encoding="UTF-8" ?>
<!DOCTYPE mapper
  PUBLIC "-//mybatis.org//DTD Mapper 3.0//EN"
  "http://mybatis.org/dtd/mybatis-3-mapper.dtd">
  
<mapper namespace="com.bulogu.biz.user">
	<select id="login" resultType="user">
		select * from b_user where userid=#{userid} and password=#{password}
	</select>
	<insert id="joinUser" parameterType="user">
		insert into b_user values(#{userid},#{name},#{password},#{email})
	</insert>
	<select id="getUserList" parameterType="user" resultType="user">
		select * from b_user order by userid
	</select>
	<update id="updateUser" parameterType="user">
		update b_user set name=#{name}, password=#{password}, email=#{email} where userid=#{userid}
	</update>
	<delete id="deleteUser" parameterType="user">
		delete from b_user where userid=#{userid}
	</delete>
	<insert id="follow" parameterType="friend">
		insert into b_friend values((select nvl(max(f_no),0)+1 from b_friend), #{myId}, #{friendId})
	</insert>
	<delete id="unfollow" parameterType="friend">
		delete from b_friend where friendid=#{friendId} and userid=#{myId}
	</delete>
	<select id="getFriendList" parameterType="user" resultType="String">
		select friendid from b_friend where userid=#{userid}
	</select>
	<select id="checkFriend" parameterType="friend" resultType="String">
		select friendid from b_friend where userid=#{myId} and friendid=#{friendId}
	</select>
	<select id="getUser" parameterType="String" resultType="user">
		select * from b_user where userid = #{hostId}
	</select>
	<delete id="deleteFriendWithUserId" parameterType="user">
		delete b_friend where userid=#{userid} or friendid=#{userid}
	</delete>
</mapper>