<?xml version="1.0" encoding="UTF-8" ?>
<!DOCTYPE configuration
  PUBLIC "-//mybatis.org//DTD Config 3.0//EN"
  "http://mybatis.org/dtd/mybatis-3-config.dtd">
  
<configuration>
	
	<typeAliases>
		<typeAlias type="com.bulogu.biz.board.vo.BoardVO" alias="board"/>
		<typeAlias type="com.bulogu.biz.user.vo.UserVO" alias="user"/>
		<typeAlias type="com.bulogu.biz.user.vo.FriendVO" alias="friend"/>
		<typeAlias type="com.bulogu.biz.comment.vo.CommentVO" alias="comment"/>
	</typeAliases>
	
	<mappers>
		<mapper resource="mappings/boardMapper.xml"/>
		<mapper resource="mappings/userMapper.xml"/>
		<mapper resource="mappings/commentMapper.xml"/>
	</mappers>
	
</configuration>