<?xml version="1.0" encoding="UTF-8"?>
<beans xmlns="http://www.springframework.org/schema/beans"
	xmlns:context="http://www.springframework.org/schema/context"
    xmlns:xsi="http://www.w3.org/2001/XMLSchema-instance"
	xsi:schemaLocation="http://www.springframework.org/schema/beans http://www.springframework.org/schema/beans/spring-beans-3.0.xsd
	http://www.springframework.org/schema/context http://www.springframework.org/schema/context/spring-context-3.0.xsd">
	
	<bean id="addBoard" class="finance.board.servlet.AddBoardController"></bean>
	<bean id="deleteBoard" class="finance.board.servlet.DeleteBoardController"></bean>
	<bean id="getBoard" class="finance.board.servlet.GetBoardController"></bean>
	<bean id="getBoardList" class="finance.board.servlet.GetBoardListController"></bean>
	<bean id="getUserList" class="finance.board.servlet.GetUserListController"></bean>
	<bean id="goToAddBoard" class="finance.board.servlet.GoToAddBoardController"></bean>
	<bean id="goToUpdateBoard" class="finance.board.servlet.GoToUpdateBoardController"></bean>
	<bean id="goToRegisterPage" class="finance.board.servlet.GoToRegisterPageController"></bean>
	<bean id="goToUpdatePage" class="finance.board.servlet.GoToUpdatePageController"></bean>
	<bean id="updateBoard" class="finance.board.servlet.UpdateBoardController"></bean>
	<bean id="login" class="finance.board.servlet.LoginController"></bean>
	<bean id="logout" class="finance.board.servlet.LogoutController"></bean>
	<bean id="registerUser" class="finance.board.servlet.RegisterUserController"></bean>
	<bean id="deleteUser" class="finance.board.servlet.DeleteUserController"></bean>
	<bean id="updateUser" class="finance.board.servlet.UpdateUserController"></bean>
	
	<bean id="handlerMapping" class="org.springframework.web.servlet.handler.SimpleUrlHandlerMapping">
		<property name="mappings">
			<props>
				<prop key ="/insertBoard.do">addBoard</prop>
				<prop key ="/deleteBoard.do">deleteBoard</prop>
				<prop key ="/getBoard.do">getBoard</prop>
				<prop key ="/getBoardList.do">getBoardList</prop>
				<prop key ="/getUserList.do">getUserList</prop>
				<prop key ="/goToAddBoard.do">goToAddBoard</prop>
				<prop key ="/goToUpdateBoard.do">goToUpdateBoard</prop>
				<prop key ="/goToRegisterPage.do">goToRegisterPage</prop>
				<prop key ="/goToUpdatePage.do">goToUpdatePage</prop>
				<prop key ="/updateBoard.do">updateBoard</prop>
				<prop key ="/login.do">login</prop>
				<prop key ="/logout.do">logout</prop>
				<prop key ="/registerUser.do">registerUser</prop>
				<prop key ="/deleteUser.do">deleteUser</prop>
				<prop key ="/updateUser.do">updateUser</prop>
			</props>
		</property>
	</bean>
	
</beans>











